timestamp,device_id,temperature,humidity,gas,presence,expected_scenario
2026-10-05 10:00:00+00:00,esp8266-01,23.98,54.92,119.76,False,normal
2026-10-05 10:00:05+00:00,esp8266-01,24.09,54.57,115.86,False,normal
2026-10-05 10:00:10+00:00,esp8266-01,23.98,55.04,120.56,False,normal
2026-10-05 10:00:15+00:00,esp8266-01,24.15,55.19,123.09,False,normal
2026-10-05 10:00:20+00:00,esp8266-01,24.04,55.57,120.18,False,normal
2026-10-05 10:00:25+00:00,esp8266-01,24.0,54.84,118.21,False,normal
2026-10-05 10:00:30+00:00,esp8266-01,24.12,54.86,120.96,False,normal
2026-10-05 10:00:35+00:00,esp8266-01,24.05,54.31,117.73,False,normal
2026-10-05 10:00:40+00:00,esp8266-01,23.71,54.68,118.16,False,normal
2026-10-05 10:00:45+00:00,esp8266-01,24.13,54.29,117.23,False,normal
2026-10-05 10:00:50+00:00,esp8266-01,24.02,54.81,120.47,False,normal
2026-10-05 10:00:55+00:00,esp8266-01,24.13,54.96,121.25,False,normal
2026-10-05 10:01:00+00:00,esp8266-01,23.96,54.61,119.23,False,normal
2026-10-05 10:01:05+00:00,esp8266-01,24.1,55.53,119.06,False,normal
2026-10-05 10:01:10+00:00,esp8266-01,24.13,55.56,121.42,False,normal
2026-10-05 10:01:15+00:00,esp8266-01,24.14,54.55,118.17,False,normal
2026-10-05 10:01:20+00:00,esp8266-01,24.16,54.26,120.43,False,normal
2026-10-05 10:01:25+00:00,esp8266-01,24.08,54.87,121.88,False,normal
2026-10-05 10:01:30+00:00,esp8266-01,24.12,54.63,119.16,False,normal
2026-10-05 10:01:35+00:00,esp8266-01,23.95,54.55,120.86,False,normal
2026-10-05 10:01:40+00:00,esp8266-01,23.97,54.76,116.39,False,normal
2026-10-05 10:01:45+00:00,esp8266-01,23.93,55.18,127.95,False,normal
2026-10-05 10:01:50+00:00,esp8266-01,24.09,54.95,122.87,False,normal
2026-10-05 10:01:55+00:00,esp8266-01,24.17,54.73,120.88,False,normal
2026-10-05 10:02:00+00:00,esp8266-01,24.21,54.85,124.82,True,normal
2026-10-05 10:02:05+00:00,esp8266-01,24.03,54.74,117.28,False,normal
2026-10-05 10:02:10+00:00,esp8266-01,24.05,55.5,122.37,False,normal
2026-10-05 10:02:15+00:00,esp8266-01,24.16,55.73,119.31,False,normal
2026-10-05 10:02:20+00:00,esp8266-01,24.0,54.85,124.41,False,normal
2026-10-05 10:02:25+00:00,esp8266-01,23.95,54.45,118.32,False,normal
2026-10-05 10:02:30+00:00,esp8266-01,24.09,54.28,121.14,True,normal
2026-10-05 10:02:35+00:00,esp8266-01,23.94,54.79,121.07,False,normal
2026-10-05 10:02:40+00:00,esp8266-01,24.25,54.24,120.43,False,normal
2026-10-05 10:02:45+00:00,esp8266-01,24.13,55.0,120.41,False,normal
2026-10-05 10:02:50+00:00,esp8266-01,24.28,55.14,120.85,False,normal
2026-10-05 10:02:55+00:00,esp8266-01,24.03,54.47,120.23,False,normal
2026-10-05 10:03:00+00:00,esp8266-01,24.02,54.95,117.33,False,normal
2026-10-05 10:03:05+00:00,esp8266-01,24.05,54.24,127.45,False,normal
2026-10-05 10:03:10+00:00,esp8266-01,23.97,55.0,121.96,False,normal
2026-10-05 10:03:15+00:00,esp8266-01,24.16,54.51,120.0,False,normal
2026-10-05 10:03:20+00:00,esp8266-01,24.26,55.06,121.49,False,normal
2026-10-05 10:03:25+00:00,esp8266-01,24.37,55.08,121.58,False,normal
2026-10-05 10:03:30+00:00,esp8266-01,24.13,55.01,123.53,False,normal
2026-10-05 10:03:35+00:00,esp8266-01,24.05,54.95,117.02,False,normal
2026-10-05 10:03:40+00:00,esp8266-01,24.22,55.04,118.75,False,normal
2026-10-05 10:03:45+00:00,esp8266-01,24.18,54.16,115.34,False,normal
2026-10-05 10:03:50+00:00,esp8266-01,24.03,54.99,122.05,False,normal
2026-10-05 10:03:55+00:00,esp8266-01,24.06,54.3,121.73,False,normal
2026-10-05 10:04:00+00:00,esp8266-01,24.13,55.77,116.92,False,normal
2026-10-05 10:04:05+00:00,esp8266-01,24.21,56.37,123.65,False,normal
2026-10-05 10:04:10+00:00,esp8266-01,24.4,54.54,121.83,False,normal
2026-10-05 10:04:15+00:00,esp8266-01,24.08,54.83,123.24,False,normal
2026-10-05 10:04:20+00:00,esp8266-01,23.88,55.63,120.72,False,normal
2026-10-05 10:04:25+00:00,esp8266-01,24.35,53.72,123.68,False,normal
2026-10-05 10:04:30+00:00,esp8266-01,23.96,54.47,122.17,False,normal
2026-10-05 10:04:35+00:00,esp8266-01,24.23,54.22,119.84,False,normal
2026-10-05 10:04:40+00:00,esp8266-01,24.29,54.92,116.86,False,normal
2026-10-05 10:04:45+00:00,esp8266-01,24.14,54.88,120.96,False,normal
2026-10-05 10:04:50+00:00,esp8266-01,24.0,54.32,121.3,False,normal
2026-10-05 10:04:55+00:00,esp8266-01,24.21,54.71,124.17,False,normal
2026-10-05 10:05:00+00:00,esp8266-01,24.02,54.98,116.15,False,normal
2026-10-05 10:05:05+00:00,esp8266-01,24.12,54.62,119.67,False,normal
2026-10-05 10:05:10+00:00,esp8266-01,24.11,54.35,119.79,False,normal
2026-10-05 10:05:15+00:00,esp8266-01,24.34,53.11,123.34,False,normal
2026-10-05 10:05:20+00:00,esp8266-01,24.24,54.81,120.82,False,normal
2026-10-05 10:05:25+00:00,esp8266-01,24.44,54.98,119.87,False,normal
2026-10-05 10:05:30+00:00,esp8266-01,24.26,54.06,116.38,False,normal
2026-10-05 10:05:35+00:00,esp8266-01,23.94,55.49,121.55,False,normal
2026-10-05 10:05:40+00:00,esp8266-01,24.02,53.75,122.1,False,normal
2026-10-05 10:05:45+00:00,esp8266-01,24.22,54.31,120.81,False,normal
2026-10-05 10:05:50+00:00,esp8266-01,24.16,54.35,120.26,False,normal
2026-10-05 10:05:55+00:00,esp8266-01,24.11,55.37,119.03,False,normal
2026-10-05 10:06:00+00:00,esp8266-01,24.09,54.81,125.21,False,normal
2026-10-05 10:06:05+00:00,esp8266-01,24.19,54.58,125.06,False,normal
2026-10-05 10:06:10+00:00,esp8266-01,24.17,54.66,125.52,False,normal
2026-10-05 10:06:15+00:00,esp8266-01,24.3,53.81,120.3,False,normal
2026-10-05 10:06:20+00:00,esp8266-01,24.22,54.81,119.81,False,normal
2026-10-05 10:06:25+00:00,esp8266-01,24.43,55.24,117.89,False,normal
2026-10-05 10:06:30+00:00,esp8266-01,24.19,54.83,122.38,False,normal
2026-10-05 10:06:35+00:00,esp8266-01,23.95,54.43,120.66,False,normal
2026-10-05 10:06:40+00:00,esp8266-01,24.41,53.69,123.25,True,normal
2026-10-05 10:06:45+00:00,esp8266-01,23.97,54.57,119.6,False,normal
2026-10-05 10:06:50+00:00,esp8266-01,24.27,53.75,122.23,False,normal
2026-10-05 10:06:55+00:00,esp8266-01,24.11,55.31,124.4,False,normal
2026-10-05 10:07:00+00:00,esp8266-01,24.24,55.41,119.79,False,normal
2026-10-05 10:07:05+00:00,esp8266-01,24.23,54.61,122.1,False,normal
2026-10-05 10:07:10+00:00,esp8266-01,24.09,55.38,123.37,False,normal
2026-10-05 10:07:15+00:00,esp8266-01,24.19,53.56,125.3,False,normal
2026-10-05 10:07:20+00:00,esp8266-01,24.26,54.5,123.01,False,normal
2026-10-05 10:07:25+00:00,esp8266-01,24.19,54.56,122.72,False,normal
2026-10-05 10:07:30+00:00,esp8266-01,24.2,54.19,119.61,False,normal
2026-10-05 10:07:35+00:00,esp8266-01,24.12,54.27,120.91,False,normal
2026-10-05 10:07:40+00:00,esp8266-01,24.49,54.58,118.3,False,normal
2026-10-05 10:07:45+00:00,esp8266-01,24.17,54.37,119.88,False,normal
2026-10-05 10:07:50+00:00,esp8266-01,24.16,54.22,120.06,False,normal
2026-10-05 10:07:55+00:00,esp8266-01,24.43,54.44,123.54,False,normal
2026-10-05 10:08:00+00:00,esp8266-01,24.14,54.78,123.35,False,normal
2026-10-05 10:08:05+00:00,esp8266-01,24.31,54.13,117.5,False,normal
2026-10-05 10:08:10+00:00,esp8266-01,24.17,55.1,123.58,False,normal
2026-10-05 10:08:15+00:00,esp8266-01,24.22,53.98,120.24,False,normal
2026-10-05 10:08:20+00:00,esp8266-01,24.15,54.66,117.13,False,normal
2026-10-05 10:08:25+00:00,esp8266-01,24.27,54.64,122.61,False,normal
2026-10-05 10:08:30+00:00,esp8266-01,24.15,54.25,123.34,False,normal
2026-10-05 10:08:35+00:00,esp8266-01,24.05,54.59,123.27,True,normal
2026-10-05 10:08:40+00:00,esp8266-01,24.23,55.05,122.33,False,normal
2026-10-05 10:08:45+00:00,esp8266-01,24.19,54.34,120.79,False,normal
2026-10-05 10:08:50+00:00,esp8266-01,24.14,54.55,121.72,False,normal
2026-10-05 10:08:55+00:00,esp8266-01,24.22,54.56,120.82,False,normal
2026-10-05 10:09:00+00:00,esp8266-01,24.37,55.55,121.16,False,normal
2026-10-05 10:09:05+00:00,esp8266-01,24.23,54.82,119.89,False,normal
2026-10-05 10:09:10+00:00,esp8266-01,24.06,53.37,117.43,False,normal
2026-10-05 10:09:15+00:00,esp8266-01,24.07,53.98,119.61,False,normal
2026-10-05 10:09:20+00:00,esp8266-01,24.31,54.03,124.79,False,normal
2026-10-05 10:09:25+00:00,esp8266-01,24.12,54.51,123.56,False,normal
2026-10-05 10:09:30+00:00,esp8266-01,24.25,53.98,120.68,False,normal
2026-10-05 10:09:35+00:00,esp8266-01,24.17,54.44,123.62,False,normal
2026-10-05 10:09:40+00:00,esp8266-01,24.18,54.46,122.32,False,normal
2026-10-05 10:09:45+00:00,esp8266-01,24.42,54.94,122.81,False,normal
2026-10-05 10:09:50+00:00,esp8266-01,24.17,54.67,117.75,False,normal
2026-10-05 10:09:55+00:00,esp8266-01,24.37,54.22,117.85,False,normal
2026-10-05 10:10:00+00:00,esp8266-01,24.23,54.55,119.75,False,normal
2026-10-05 10:10:05+00:00,esp8266-01,24.4,54.96,121.29,False,normal
2026-10-05 10:10:10+00:00,esp8266-01,24.09,54.34,122.24,False,normal
2026-10-05 10:10:15+00:00,esp8266-01,24.33,54.91,122.32,False,normal
2026-10-05 10:10:20+00:00,esp8266-01,24.19,54.66,120.84,False,normal
2026-10-05 10:10:25+00:00,esp8266-01,24.26,54.95,122.34,False,normal
2026-10-05 10:10:30+00:00,esp8266-01,24.42,54.62,123.58,False,normal
2026-10-05 10:10:35+00:00,esp8266-01,24.35,54.28,123.02,False,normal
2026-10-05 10:10:40+00:00,esp8266-01,24.26,54.07,122.03,False,normal
2026-10-05 10:10:45+00:00,esp8266-01,24.02,54.58,122.2,False,normal
2026-10-05 10:10:50+00:00,esp8266-01,24.36,54.5,119.73,False,normal
2026-10-05 10:10:55+00:00,esp8266-01,24.08,54.53,116.61,False,normal
2026-10-05 10:11:00+00:00,esp8266-01,24.32,54.54,124.29,False,normal
2026-10-05 10:11:05+00:00,esp8266-01,24.38,54.64,125.33,False,normal
2026-10-05 10:11:10+00:00,esp8266-01,24.33,55.04,121.98,False,normal
2026-10-05 10:11:15+00:00,esp8266-01,24.19,54.71,121.76,False,normal
2026-10-05 10:11:20+00:00,esp8266-01,24.18,55.13,124.13,False,normal
2026-10-05 10:11:25+00:00,esp8266-01,24.22,55.11,123.55,False,normal
2026-10-05 10:11:30+00:00,esp8266-01,24.42,54.96,123.75,False,normal
2026-10-05 10:11:35+00:00,esp8266-01,24.12,55.28,121.61,False,normal
2026-10-05 10:11:40+00:00,esp8266-01,24.15,54.69,119.99,False,normal
2026-10-05 10:11:45+00:00,esp8266-01,24.25,54.59,121.07,False,normal
2026-10-05 10:11:50+00:00,esp8266-01,24.1,53.86,121.38,False,normal
2026-10-05 10:11:55+00:00,esp8266-01,24.13,54.85,121.62,False,normal
2026-10-05 10:12:00+00:00,esp8266-01,24.12,54.38,118.72,False,normal
2026-10-05 10:12:05+00:00,esp8266-01,24.33,55.01,118.67,False,normal
2026-10-05 10:12:10+00:00,esp8266-01,24.32,54.27,119.05,False,normal
2026-10-05 10:12:15+00:00,esp8266-01,24.29,55.36,122.77,False,normal
2026-10-05 10:12:20+00:00,esp8266-01,24.3,55.28,119.56,False,normal
2026-10-05 10:12:25+00:00,esp8266-01,24.46,54.49,122.3,False,normal
2026-10-05 10:12:30+00:00,esp8266-01,24.41,54.87,118.29,False,normal
2026-10-05 10:12:35+00:00,esp8266-01,24.26,54.18,119.96,False,normal
2026-10-05 10:12:40+00:00,esp8266-01,24.32,54.68,121.31,False,normal
2026-10-05 10:12:45+00:00,esp8266-01,24.15,53.96,122.44,False,normal
2026-10-05 10:12:50+00:00,esp8266-01,24.24,54.1,121.47,False,normal
2026-10-05 10:12:55+00:00,esp8266-01,24.16,54.72,122.97,False,normal
2026-10-05 10:13:00+00:00,esp8266-01,24.05,54.34,122.58,False,normal
2026-10-05 10:13:05+00:00,esp8266-01,24.32,54.31,116.02,False,normal
2026-10-05 10:13:10+00:00,esp8266-01,24.23,54.71,122.51,False,normal
2026-10-05 10:13:15+00:00,esp8266-01,24.33,55.06,122.2,False,normal
2026-10-05 10:13:20+00:00,esp8266-01,24.4,54.42,121.59,False,normal
2026-10-05 10:13:25+00:00,esp8266-01,24.19,53.6,122.21,False,normal
2026-10-05 10:13:30+00:00,esp8266-01,24.12,54.61,122.23,False,normal
2026-10-05 10:13:35+00:00,esp8266-01,24.28,53.69,122.51,False,normal
2026-10-05 10:13:40+00:00,esp8266-01,24.39,54.8,123.12,False,normal
2026-10-05 10:13:45+00:00,esp8266-01,24.26,54.04,128.56,False,normal
2026-10-05 10:13:50+00:00,esp8266-01,24.26,53.91,122.32,False,normal
2026-10-05 10:13:55+00:00,esp8266-01,24.16,54.06,122.65,False,normal
2026-10-05 10:14:00+00:00,esp8266-01,24.34,54.5,119.73,False,normal
2026-10-05 10:14:05+00:00,esp8266-01,24.12,54.81,121.42,False,normal
2026-10-05 10:14:10+00:00,esp8266-01,24.2,54.3,122.3,True,normal
2026-10-05 10:14:15+00:00,esp8266-01,24.28,53.95,122.8,False,normal
2026-10-05 10:14:20+00:00,esp8266-01,24.26,55.23,121.18,False,normal
2026-10-05 10:14:25+00:00,esp8266-01,24.11,55.23,120.1,False,normal
2026-10-05 10:14:30+00:00,esp8266-01,24.09,53.64,119.41,False,normal
2026-10-05 10:14:35+00:00,esp8266-01,24.3,55.24,119.62,False,normal
2026-10-05 10:14:40+00:00,esp8266-01,24.28,54.87,121.84,False,normal
2026-10-05 10:14:45+00:00,esp8266-01,24.07,55.03,124.21,False,normal
2026-10-05 10:14:50+00:00,esp8266-01,24.36,54.35,120.94,False,normal
2026-10-05 10:14:55+00:00,esp8266-01,24.23,54.18,122.63,False,normal
2026-10-05 10:15:00+00:00,esp8266-01,24.48,55.17,123.3,False,normal
2026-10-05 10:15:05+00:00,esp8266-01,24.09,55.22,121.8,False,normal
2026-10-05 10:15:10+00:00,esp8266-01,24.42,54.74,118.66,False,normal
2026-10-05 10:15:15+00:00,esp8266-01,24.26,54.8,124.44,False,normal
2026-10-05 10:15:20+00:00,esp8266-01,24.17,54.57,120.64,False,normal
2026-10-05 10:15:25+00:00,esp8266-01,24.31,54.81,120.24,False,normal
2026-10-05 10:15:30+00:00,esp8266-01,24.15,55.61,122.84,False,normal
2026-10-05 10:15:35+00:00,esp8266-01,24.08,54.41,123.54,False,normal
2026-10-05 10:15:40+00:00,esp8266-01,24.1,54.87,124.95,False,normal
2026-10-05 10:15:45+00:00,esp8266-01,24.2,54.32,122.46,False,normal
2026-10-05 10:15:50+00:00,esp8266-01,24.22,53.94,121.81,False,normal
2026-10-05 10:15:55+00:00,esp8266-01,24.13,55.01,120.67,False,normal
2026-10-05 10:16:00+00:00,esp8266-01,24.44,55.41,120.43,False,normal
2026-10-05 10:16:05+00:00,esp8266-01,24.15,54.04,120.8,False,normal
2026-10-05 10:16:10+00:00,esp8266-01,24.47,54.53,120.6,False,normal
2026-10-05 10:16:15+00:00,esp8266-01,24.22,53.87,121.69,False,normal
2026-10-05 10:16:20+00:00,esp8266-01,24.17,55.43,123.27,False,normal
2026-10-05 10:16:25+00:00,esp8266-01,24.19,53.84,124.95,False,normal
2026-10-05 10:16:30+00:00,esp8266-01,24.38,53.98,120.98,False,normal
2026-10-05 10:16:35+00:00,esp8266-01,24.41,55.09,120.55,False,normal
2026-10-05 10:16:40+00:00,esp8266-01,24.18,54.97,114.65,False,normal
2026-10-05 10:16:45+00:00,esp8266-01,23.97,54.94,123.78,False,normal
2026-10-05 10:16:50+00:00,esp8266-01,24.05,54.43,119.7,False,normal
2026-10-05 10:16:55+00:00,esp8266-01,24.22,54.42,118.84,False,normal
2026-10-05 10:17:00+00:00,esp8266-01,24.2,54.48,121.42,False,normal
2026-10-05 10:17:05+00:00,esp8266-01,24.0,54.12,123.65,False,normal
2026-10-05 10:17:10+00:00,esp8266-01,24.33,54.56,124.04,False,normal
2026-10-05 10:17:15+00:00,esp8266-01,24.22,55.25,118.22,False,normal
2026-10-05 10:17:20+00:00,esp8266-01,24.05,54.55,121.09,False,normal
2026-10-05 10:17:25+00:00,esp8266-01,24.06,54.92,123.5,False,normal
2026-10-05 10:17:30+00:00,esp8266-01,24.08,55.23,118.92,False,normal
2026-10-05 10:17:35+00:00,esp8266-01,23.99,54.92,119.77,False,normal
2026-10-05 10:17:40+00:00,esp8266-01,24.14,53.9,121.83,False,normal
2026-10-05 10:17:45+00:00,esp8266-01,24.15,53.96,117.76,False,normal
2026-10-05 10:17:50+00:00,esp8266-01,24.17,54.17,123.92,False,normal
2026-10-05 10:17:55+00:00,esp8266-01,24.27,54.01,122.54,False,normal
2026-10-05 10:18:00+00:00,esp8266-01,24.37,54.89,120.78,False,normal
2026-10-05 10:18:05+00:00,esp8266-01,24.28,54.1,120.78,False,normal
2026-10-05 10:18:10+00:00,esp8266-01,24.19,54.83,123.42,False,normal
2026-10-05 10:18:15+00:00,esp8266-01,24.04,54.89,120.66,False,normal
2026-10-05 10:18:20+00:00,esp8266-01,24.16,55.02,125.25,False,normal
2026-10-05 10:18:25+00:00,esp8266-01,24.17,54.57,120.11,False,normal
2026-10-05 10:18:30+00:00,esp8266-01,24.07,55.18,119.76,False,normal
2026-10-05 10:18:35+00:00,esp8266-01,24.06,54.86,120.02,False,normal
2026-10-05 10:18:40+00:00,esp8266-01,24.06,54.73,118.63,False,normal
2026-10-05 10:18:45+00:00,esp8266-01,24.08,54.35,127.03,False,normal
2026-10-05 10:18:50+00:00,esp8266-01,24.12,55.28,119.75,False,normal
2026-10-05 10:18:55+00:00,esp8266-01,23.96,54.3,119.56,False,normal
2026-10-05 10:19:00+00:00,esp8266-01,24.09,55.5,119.54,False,normal
2026-10-05 10:19:05+00:00,esp8266-01,24.07,54.23,118.84,False,normal
2026-10-05 10:19:10+00:00,esp8266-01,24.01,54.0,117.81,False,normal
2026-10-05 10:19:15+00:00,esp8266-01,23.95,54.55,123.3,False,normal
2026-10-05 10:19:20+00:00,esp8266-01,24.13,54.54,120.05,False,normal
2026-10-05 10:19:25+00:00,esp8266-01,24.32,55.12,123.07,False,normal
2026-10-05 10:19:30+00:00,esp8266-01,23.87,54.55,121.85,False,normal
2026-10-05 10:19:35+00:00,esp8266-01,24.05,53.94,121.47,False,normal
2026-10-05 10:19:40+00:00,esp8266-01,24.09,54.94,122.17,False,normal
2026-10-05 10:19:45+00:00,esp8266-01,24.11,55.22,118.25,False,normal
2026-10-05 10:19:50+00:00,esp8266-01,24.33,54.6,118.37,True,normal
2026-10-05 10:19:55+00:00,esp8266-01,24.28,54.28,120.38,False,normal
2026-10-05 10:20:00+00:00,esp8266-01,24.04,54.24,123.21,False,normal
2026-10-05 10:20:05+00:00,esp8266-01,23.86,54.79,121.39,False,normal
2026-10-05 10:20:10+00:00,esp8266-01,23.86,54.41,121.02,False,normal
2026-10-05 10:20:15+00:00,esp8266-01,24.15,55.11,119.85,False,normal
2026-10-05 10:20:20+00:00,esp8266-01,24.29,55.63,119.98,False,normal
2026-10-05 10:20:25+00:00,esp8266-01,24.23,54.98,120.04,False,normal
2026-10-05 10:20:30+00:00,esp8266-01,24.0,54.15,122.96,False,normal
2026-10-05 10:20:35+00:00,esp8266-01,24.06,55.07,122.65,False,normal
2026-10-05 10:20:40+00:00,esp8266-01,23.97,54.84,121.29,False,normal
2026-10-05 10:20:45+00:00,esp8266-01,24.08,53.78,122.61,False,normal
2026-10-05 10:20:50+00:00,esp8266-01,24.24,55.22,114.87,False,normal
2026-10-05 10:20:55+00:00,esp8266-01,24.0,54.59,121.54,False,normal
2026-10-05 10:21:00+00:00,esp8266-01,24.16,54.43,119.03,False,normal
2026-10-05 10:21:05+00:00,esp8266-01,23.93,55.62,121.17,False,normal
2026-10-05 10:21:10+00:00,esp8266-01,24.19,55.26,124.03,False,normal
2026-10-05 10:21:15+00:00,esp8266-01,24.16,55.04,124.95,False,normal
2026-10-05 10:21:20+00:00,esp8266-01,24.23,55.63,124.93,False,normal
2026-10-05 10:21:25+00:00,esp8266-01,24.07,55.09,121.78,False,normal
2026-10-05 10:21:30+00:00,esp8266-01,24.05,54.78,124.41,False,normal
2026-10-05 10:21:35+00:00,esp8266-01,24.08,54.75,121.74,False,normal
2026-10-05 10:21:40+00:00,esp8266-01,24.05,54.33,120.43,False,normal
2026-10-05 10:21:45+00:00,esp8266-01,23.92,54.66,120.39,False,normal
2026-10-05 10:21:50+00:00,esp8266-01,24.09,54.84,121.37,False,normal
2026-10-05 10:21:55+00:00,esp8266-01,23.82,53.77,121.91,False,normal
2026-10-05 10:22:00+00:00,esp8266-01,23.93,54.96,119.42,False,normal
2026-10-05 10:22:05+00:00,esp8266-01,23.92,55.07,120.79,False,normal
2026-10-05 10:22:10+00:00,esp8266-01,24.13,55.05,118.51,False,normal
2026-10-05 10:22:15+00:00,esp8266-01,23.93,55.47,120.26,False,normal
2026-10-05 10:22:20+00:00,esp8266-01,24.0,54.79,119.04,False,normal
2026-10-05 10:22:25+00:00,esp8266-01,23.81,55.01,116.81,False,normal
2026-10-05 10:22:30+00:00,esp8266-01,23.95,55.03,119.0,False,normal
2026-10-05 10:22:35+00:00,esp8266-01,24.14,55.33,121.57,False,normal
2026-10-05 10:22:40+00:00,esp8266-01,23.98,55.12,120.96,False,normal
2026-10-05 10:22:45+00:00,esp8266-01,24.01,55.11,120.76,False,normal
2026-10-05 10:22:50+00:00,esp8266-01,24.08,54.42,117.78,False,normal
2026-10-05 10:22:55+00:00,esp8266-01,23.94,55.26,121.6,False,normal
2026-10-05 10:23:00+00:00,esp8266-01,24.02,54.06,119.1,False,normal
2026-10-05 10:23:05+00:00,esp8266-01,23.71,54.62,122.45,False,normal
2026-10-05 10:23:10+00:00,esp8266-01,23.97,54.71,123.41,False,normal
2026-10-05 10:23:15+00:00,esp8266-01,24.16,55.03,117.22,False,normal
2026-10-05 10:23:20+00:00,esp8266-01,24.19,53.98,121.33,False,normal
2026-10-05 10:23:25+00:00,esp8266-01,23.85,56.01,120.87,False,normal
2026-10-05 10:23:30+00:00,esp8266-01,23.99,55.28,119.46,False,normal
2026-10-05 10:23:35+00:00,esp8266-01,23.9,55.91,120.16,False,normal
2026-10-05 10:23:40+00:00,esp8266-01,23.94,55.15,119.6,False,normal
2026-10-05 10:23:45+00:00,esp8266-01,23.97,55.11,122.19,False,normal
2026-10-05 10:23:50+00:00,esp8266-01,23.86,55.54,120.41,False,normal
2026-10-05 10:23:55+00:00,esp8266-01,23.83,55.27,120.32,False,normal
2026-10-05 10:24:00+00:00,esp8266-01,23.94,54.71,118.55,False,normal
2026-10-05 10:24:05+00:00,esp8266-01,23.86,54.93,123.51,False,normal
2026-10-05 10:24:10+00:00,esp8266-01,23.89,55.2,118.74,False,normal
2026-10-05 10:24:15+00:00,esp8266-01,23.85,55.48,120.44,False,normal
2026-10-05 10:24:20+00:00,esp8266-01,24.08,55.07,120.08,False,normal
2026-10-05 10:24:25+00:00,esp8266-01,24.03,55.03,120.01,False,normal
2026-10-05 10:24:30+00:00,esp8266-01,24.02,55.46,119.01,False,normal
2026-10-05 10:24:35+00:00,esp8266-01,23.83,55.13,118.93,False,normal
2026-10-05 10:24:40+00:00,esp8266-01,23.99,55.1,123.56,False,normal
2026-10-05 10:24:45+00:00,esp8266-01,23.85,54.45,118.15,False,normal
2026-10-05 10:24:50+00:00,esp8266-01,23.98,55.15,117.87,False,normal
2026-10-05 10:24:55+00:00,esp8266-01,24.15,55.59,115.34,False,normal
2026-10-05 10:25:00+00:00,esp8266-01,24.0,54.82,117.35,False,normal
2026-10-05 10:25:05+00:00,esp8266-01,23.87,54.95,121.46,False,normal
2026-10-05 10:25:10+00:00,esp8266-01,24.02,55.57,121.56,False,normal
2026-10-05 10:25:15+00:00,esp8266-01,24.04,54.69,122.43,False,normal
2026-10-05 10:25:20+00:00,esp8266-01,23.98,54.81,120.42,False,normal
2026-10-05 10:25:25+00:00,esp8266-01,24.0,55.16,116.31,False,normal
2026-10-05 10:25:30+00:00,esp8266-01,23.96,54.61,119.59,False,normal
2026-10-05 10:25:35+00:00,esp8266-01,23.73,55.65,118.17,False,normal
2026-10-05 10:25:40+00:00,esp8266-01,23.76,54.5,118.57,False,normal
2026-10-05 10:25:45+00:00,esp8266-01,23.88,54.79,120.09,False,normal
2026-10-05 10:25:50+00:00,esp8266-01,24.06,55.33,118.51,False,normal
2026-10-05 10:25:55+00:00,esp8266-01,24.05,55.24,118.62,False,normal
2026-10-05 10:26:00+00:00,esp8266-01,24.02,54.67,116.91,False,normal
2026-10-05 10:26:05+00:00,esp8266-01,23.91,55.41,114.82,False,normal
2026-10-05 10:26:10+00:00,esp8266-01,23.98,54.56,118.23,False,normal
2026-10-05 10:26:15+00:00,esp8266-01,24.04,55.37,119.69,False,normal
2026-10-05 10:26:20+00:00,esp8266-01,23.8,55.77,117.92,False,normal
2026-10-05 10:26:25+00:00,esp8266-01,23.91,54.74,120.16,False,normal
2026-10-05 10:26:30+00:00,esp8266-01,23.97,55.56,118.77,False,normal
2026-10-05 10:26:35+00:00,esp8266-01,24.02,54.55,116.98,False,normal
2026-10-05 10:26:40+00:00,esp8266-01,23.95,55.28,118.41,False,normal
2026-10-05 10:26:45+00:00,esp8266-01,23.81,54.66,115.19,False,normal
2026-10-05 10:26:50+00:00,esp8266-01,23.82,55.73,120.44,False,normal
2026-10-05 10:26:55+00:00,esp8266-01,23.98,55.07,117.05,False,normal
2026-10-05 10:27:00+00:00,esp8266-01,23.98,55.07,116.33,False,normal
2026-10-05 10:27:05+00:00,esp8266-01,24.04,54.82,115.47,False,normal
2026-10-05 10:27:10+00:00,esp8266-01,23.83,54.73,117.67,False,normal
2026-10-05 10:27:15+00:00,esp8266-01,23.78,55.05,120.11,False,normal
2026-10-05 10:27:20+00:00,esp8266-01,24.01,55.07,119.21,False,normal
2026-10-05 10:27:25+00:00,esp8266-01,23.94,55.36,118.17,False,normal
2026-10-05 10:27:30+00:00,esp8266-01,24.0,54.45,120.94,False,normal
2026-10-05 10:27:35+00:00,esp8266-01,23.9,55.55,120.55,False,normal
2026-10-05 10:27:40+00:00,esp8266-01,23.97,54.59,119.44,False,normal
2026-10-05 10:27:45+00:00,esp8266-01,23.8,54.69,120.7,False,normal
2026-10-05 10:27:50+00:00,esp8266-01,23.77,55.4,118.9,False,normal
2026-10-05 10:27:55+00:00,esp8266-01,23.73,54.98,122.63,False,normal
2026-10-05 10:28:00+00:00,esp8266-01,23.92,54.91,124.89,False,normal
2026-10-05 10:28:05+00:00,esp8266-01,23.75,55.2,120.98,False,normal
2026-10-05 10:28:10+00:00,esp8266-01,24.07,55.11,119.23,False,normal
2026-10-05 10:28:15+00:00,esp8266-01,23.79,54.71,115.36,False,normal
2026-10-05 10:28:20+00:00,esp8266-01,24.04,55.82,119.88,False,normal
2026-10-05 10:28:25+00:00,esp8266-01,23.77,55.16,123.52,False,normal
2026-10-05 10:28:30+00:00,esp8266-01,23.58,55.72,119.2,False,normal
2026-10-05 10:28:35+00:00,esp8266-01,23.97,55.46,118.88,False,normal
2026-10-05 10:28:40+00:00,esp8266-01,23.88,56.76,118.37,False,normal
2026-10-05 10:28:45+00:00,esp8266-01,23.86,55.67,116.02,False,normal
2026-10-05 10:28:50+00:00,esp8266-01,23.9,55.6,120.34,False,normal
2026-10-05 10:28:55+00:00,esp8266-01,23.67,55.19,116.38,True,normal
2026-10-05 10:29:00+00:00,esp8266-01,23.92,55.5,120.09,False,normal
2026-10-05 10:29:05+00:00,esp8266-01,23.7,55.12,118.47,False,normal
2026-10-05 10:29:10+00:00,esp8266-01,23.82,55.47,115.22,False,normal
2026-10-05 10:29:15+00:00,esp8266-01,23.93,56.09,121.69,False,normal
2026-10-05 10:29:20+00:00,esp8266-01,23.97,55.4,118.67,False,normal
2026-10-05 10:29:25+00:00,esp8266-01,23.89,55.1,117.51,False,normal
2026-10-05 10:29:30+00:00,esp8266-01,23.8,55.19,119.39,False,normal
2026-10-05 10:29:35+00:00,esp8266-01,23.81,54.02,118.26,False,normal
2026-10-05 10:29:40+00:00,esp8266-01,23.71,55.69,114.47,False,normal
2026-10-05 10:29:45+00:00,esp8266-01,23.56,56.16,118.93,False,normal
2026-10-05 10:29:50+00:00,esp8266-01,23.8,54.74,119.0,False,normal
2026-10-05 10:29:55+00:00,esp8266-01,23.62,55.92,119.26,False,normal
2026-10-05 10:30:00+00:00,esp8266-01,23.91,56.08,115.18,False,normal
2026-10-05 10:30:05+00:00,esp8266-01,23.85,55.44,117.74,False,normal
2026-10-05 10:30:10+00:00,esp8266-01,23.71,55.48,119.87,False,normal
2026-10-05 10:30:15+00:00,esp8266-01,23.83,55.88,117.37,False,normal
2026-10-05 10:30:20+00:00,esp8266-01,23.72,55.3,118.46,False,normal
2026-10-05 10:30:25+00:00,esp8266-01,23.72,55.57,114.09,False,normal
2026-10-05 10:30:30+00:00,esp8266-01,23.88,55.7,121.19,False,normal
2026-10-05 10:30:35+00:00,esp8266-01,23.67,54.48,122.27,False,normal
2026-10-05 10:30:40+00:00,esp8266-01,23.52,55.42,114.45,False,normal
2026-10-05 10:30:45+00:00,esp8266-01,23.77,55.95,119.79,False,normal
2026-10-05 10:30:50+00:00,esp8266-01,23.69,55.3,121.19,False,normal
2026-10-05 10:30:55+00:00,esp8266-01,23.88,55.04,116.94,False,normal
2026-10-05 10:31:00+00:00,esp8266-01,23.77,55.52,119.73,False,normal
2026-10-05 10:31:05+00:00,esp8266-01,23.71,55.23,124.4,False,normal
2026-10-05 10:31:10+00:00,esp8266-01,23.94,55.72,115.72,False,normal
2026-10-05 10:31:15+00:00,esp8266-01,23.95,55.67,117.93,False,normal
2026-10-05 10:31:20+00:00,esp8266-01,23.79,55.31,121.76,False,normal
2026-10-05 10:31:25+00:00,esp8266-01,23.87,55.0,120.18,False,normal
2026-10-05 10:31:30+00:00,esp8266-01,23.66,54.45,115.67,False,normal
2026-10-05 10:31:35+00:00,esp8266-01,23.93,54.99,117.84,False,normal
2026-10-05 10:31:40+00:00,esp8266-01,23.78,55.66,118.0,False,normal
2026-10-05 10:31:45+00:00,esp8266-01,23.64,55.12,117.58,False,normal
2026-10-05 10:31:50+00:00,esp8266-01,23.4,55.95,117.13,False,normal
2026-10-05 10:31:55+00:00,esp8266-01,24.04,56.08,121.2,False,normal
2026-10-05 10:32:00+00:00,esp8266-01,23.88,55.16,121.03,False,normal
2026-10-05 10:32:05+00:00,esp8266-01,23.87,55.28,120.03,False,normal
2026-10-05 10:32:10+00:00,esp8266-01,23.53,55.21,120.24,False,normal
2026-10-05 10:32:15+00:00,esp8266-01,23.62,54.94,115.19,False,normal
2026-10-05 10:32:20+00:00,esp8266-01,23.83,55.67,120.66,False,normal
2026-10-05 10:32:25+00:00,esp8266-01,23.93,55.06,117.45,False,normal
2026-10-05 10:32:30+00:00,esp8266-01,23.61,55.27,119.76,False,normal
2026-10-05 10:32:35+00:00,esp8266-01,23.82,55.36,115.5,False,normal
2026-10-05 10:32:40+00:00,esp8266-01,23.79,55.31,121.23,False,normal
2026-10-05 10:32:45+00:00,esp8266-01,23.74,55.29,116.29,False,normal
2026-10-05 10:32:50+00:00,esp8266-01,23.8,54.84,120.49,False,normal
2026-10-05 10:32:55+00:00,esp8266-01,24.05,55.6,117.71,False,normal
2026-10-05 10:33:00+00:00,esp8266-01,23.8,55.7,116.57,False,normal
2026-10-05 10:33:05+00:00,esp8266-01,23.93,56.37,116.4,False,normal
2026-10-05 10:33:10+00:00,esp8266-01,23.76,56.12,117.0,False,normal
2026-10-05 10:33:15+00:00,esp8266-01,23.74,54.96,117.53,False,normal
2026-10-05 10:33:20+00:00,esp8266-01,23.82,55.39,116.17,False,normal
2026-10-05 10:33:25+00:00,esp8266-01,23.6,55.8,115.7,False,normal
2026-10-05 10:33:30+00:00,esp8266-01,23.79,55.51,116.24,False,normal
2026-10-05 10:33:35+00:00,esp8266-01,23.63,55.54,115.78,False,normal
2026-10-05 10:33:40+00:00,esp8266-01,23.59,55.5,116.69,False,normal
2026-10-05 10:33:45+00:00,esp8266-01,24.05,55.72,114.9,False,normal
2026-10-05 10:33:50+00:00,esp8266-01,23.79,55.56,115.69,False,normal
2026-10-05 10:33:55+00:00,esp8266-01,23.81,55.19,116.85,False,normal
2026-10-05 10:34:00+00:00,esp8266-01,23.73,54.6,119.18,False,normal
2026-10-05 10:34:05+00:00,esp8266-01,23.74,55.13,117.3,False,normal
2026-10-05 10:34:10+00:00,esp8266-01,23.74,55.83,119.52,False,normal
2026-10-05 10:34:15+00:00,esp8266-01,23.81,55.24,116.92,False,normal
2026-10-05 10:34:20+00:00,esp8266-01,23.81,55.83,116.34,False,normal
2026-10-05 10:34:25+00:00,esp8266-01,23.7,54.96,118.04,False,normal
2026-10-05 10:34:30+00:00,esp8266-01,23.74,55.59,120.47,False,normal
2026-10-05 10:34:35+00:00,esp8266-01,23.7,55.59,120.01,False,normal
2026-10-05 10:34:40+00:00,esp8266-01,23.5,55.53,116.6,False,normal
2026-10-05 10:34:45+00:00,esp8266-01,23.64,55.77,116.09,False,normal
2026-10-05 10:34:50+00:00,esp8266-01,23.72,54.74,116.52,False,normal
2026-10-05 10:34:55+00:00,esp8266-01,23.84,55.69,120.63,False,normal
2026-10-05 10:35:00+00:00,esp8266-01,23.55,55.48,116.77,False,normal
2026-10-05 10:35:05+00:00,esp8266-01,24.1,56.4,122.06,False,normal
2026-10-05 10:35:10+00:00,esp8266-01,23.78,55.11,121.42,False,normal
2026-10-05 10:35:15+00:00,esp8266-01,23.67,54.97,117.85,False,normal
2026-10-05 10:35:20+00:00,esp8266-01,23.82,55.81,115.6,False,normal
2026-10-05 10:35:25+00:00,esp8266-01,23.77,55.1,117.81,False,normal
2026-10-05 10:35:30+00:00,esp8266-01,23.94,56.67,117.88,False,normal
2026-10-05 10:35:35+00:00,esp8266-01,23.65,55.76,115.61,False,normal
2026-10-05 10:35:40+00:00,esp8266-01,23.68,56.29,115.77,False,normal
2026-10-05 10:35:45+00:00,esp8266-01,23.88,54.8,116.03,False,normal
2026-10-05 10:35:50+00:00,esp8266-01,23.74,55.4,112.33,False,normal
2026-10-05 10:35:55+00:00,esp8266-01,23.8,55.6,115.16,False,normal
2026-10-05 10:36:00+00:00,esp8266-01,23.69,55.36,115.9,False,normal
2026-10-05 10:36:05+00:00,esp8266-01,23.63,55.9,120.67,False,normal
2026-10-05 10:36:10+00:00,esp8266-01,23.81,55.43,119.91,False,normal
2026-10-05 10:36:15+00:00,esp8266-01,23.76,55.33,115.91,False,normal
2026-10-05 10:36:20+00:00,esp8266-01,23.97,55.06,117.95,False,normal
2026-10-05 10:36:25+00:00,esp8266-01,23.71,55.6,119.9,False,normal
2026-10-05 10:36:30+00:00,esp8266-01,23.65,55.43,120.28,False,normal
2026-10-05 10:36:35+00:00,esp8266-01,23.99,55.02,121.03,False,normal
2026-10-05 10:36:40+00:00,esp8266-01,23.64,54.95,116.92,False,normal
2026-10-05 10:36:45+00:00,esp8266-01,23.7,55.19,117.47,False,normal
2026-10-05 10:36:50+00:00,esp8266-01,23.73,55.85,118.95,False,normal
2026-10-05 10:36:55+00:00,esp8266-01,23.94,54.88,122.21,False,normal
2026-10-05 10:37:00+00:00,esp8266-01,23.75,55.71,117.09,False,normal
2026-10-05 10:37:05+00:00,esp8266-01,23.65,55.95,113.08,False,normal
2026-10-05 10:37:10+00:00,esp8266-01,23.73,55.84,117.61,False,normal
2026-10-05 10:37:15+00:00,esp8266-01,23.65,55.46,120.57,False,normal
2026-10-05 10:37:20+00:00,esp8266-01,23.49,55.23,117.67,False,normal
2026-10-05 10:37:25+00:00,esp8266-01,23.7,55.19,117.23,False,normal
2026-10-05 10:37:30+00:00,esp8266-01,23.59,55.36,120.23,False,normal
2026-10-05 10:37:35+00:00,esp8266-01,23.8,56.1,120.32,True,normal
2026-10-05 10:37:40+00:00,esp8266-01,23.5,55.15,113.81,False,normal
2026-10-05 10:37:45+00:00,esp8266-01,23.92,55.18,118.31,False,normal
2026-10-05 10:37:50+00:00,esp8266-01,23.69,56.06,118.91,False,normal
2026-10-05 10:37:55+00:00,esp8266-01,23.74,54.77,117.34,False,normal
2026-10-05 10:38:00+00:00,esp8266-01,23.83,55.32,119.13,False,normal
2026-10-05 10:38:05+00:00,esp8266-01,23.72,55.92,118.09,False,normal
2026-10-05 10:38:10+00:00,esp8266-01,24.05,55.02,122.16,True,normal
2026-10-05 10:38:15+00:00,esp8266-01,23.66,55.27,117.71,False,normal
2026-10-05 10:38:20+00:00,esp8266-01,23.69,56.78,115.68,False,normal
2026-10-05 10:38:25+00:00,esp8266-01,23.73,55.76,116.18,False,normal
2026-10-05 10:38:30+00:00,esp8266-01,23.83,55.63,116.53,False,normal
2026-10-05 10:38:35+00:00,esp8266-01,23.8,55.39,114.31,False,normal
2026-10-05 10:38:40+00:00,esp8266-01,23.78,55.17,121.1,False,normal
2026-10-05 10:38:45+00:00,esp8266-01,23.57,55.26,118.11,False,normal
2026-10-05 10:38:50+00:00,esp8266-01,23.8,55.67,117.47,False,normal
2026-10-05 10:38:55+00:00,esp8266-01,23.86,55.51,121.89,False,normal
2026-10-05 10:39:00+00:00,esp8266-01,23.72,56.12,121.43,False,normal
2026-10-05 10:39:05+00:00,esp8266-01,23.79,55.65,118.66,False,normal
2026-10-05 10:39:10+00:00,esp8266-01,23.66,55.73,120.97,False,normal
2026-10-05 10:39:15+00:00,esp8266-01,23.67,56.18,121.56,False,normal
2026-10-05 10:39:20+00:00,esp8266-01,23.72,55.22,119.12,False,normal
2026-10-05 10:39:25+00:00,esp8266-01,23.84,55.06,116.88,False,normal
2026-10-05 10:39:30+00:00,esp8266-01,23.64,55.53,117.51,False,normal
2026-10-05 10:39:35+00:00,esp8266-01,23.72,55.45,113.84,False,normal
2026-10-05 10:39:40+00:00,esp8266-01,23.61,55.65,120.82,False,normal
2026-10-05 10:39:45+00:00,esp8266-01,23.86,54.91,117.57,False,normal
2026-10-05 10:39:50+00:00,esp8266-01,23.86,55.74,117.26,False,normal
2026-10-05 10:39:55+00:00,esp8266-01,23.79,55.24,117.88,False,normal
2026-10-05 10:40:00+00:00,esp8266-01,23.84,54.95,115.95,False,normal
2026-10-05 10:40:05+00:00,esp8266-01,23.79,54.61,119.32,False,normal
2026-10-05 10:40:10+00:00,esp8266-01,23.62,55.9,118.32,False,normal
2026-10-05 10:40:15+00:00,esp8266-01,23.64,55.31,119.07,False,normal
2026-10-05 10:40:20+00:00,esp8266-01,23.84,55.33,118.94,False,normal
2026-10-05 10:40:25+00:00,esp8266-01,23.79,55.48,114.72,False,normal
2026-10-05 10:40:30+00:00,esp8266-01,23.73,55.01,120.61,False,normal
2026-10-05 10:40:35+00:00,esp8266-01,23.8,55.75,117.29,False,normal
2026-10-05 10:40:40+00:00,esp8266-01,23.73,54.9,117.32,False,normal
2026-10-05 10:40:45+00:00,esp8266-01,23.72,54.84,117.87,False,normal
2026-10-05 10:40:50+00:00,esp8266-01,23.82,55.41,120.35,False,normal
2026-10-05 10:40:55+00:00,esp8266-01,23.83,54.84,117.78,False,normal
2026-10-05 10:41:00+00:00,esp8266-01,23.82,55.78,117.71,False,normal
2026-10-05 10:41:05+00:00,esp8266-01,24.1,55.98,121.17,False,normal
2026-10-05 10:41:10+00:00,esp8266-01,23.85,54.43,120.06,False,normal
2026-10-05 10:41:15+00:00,esp8266-01,23.83,55.95,119.21,False,normal
2026-10-05 10:41:20+00:00,esp8266-01,24.01,55.57,117.29,False,normal
2026-10-05 10:41:25+00:00,esp8266-01,23.88,55.45,118.05,False,normal
2026-10-05 10:41:30+00:00,esp8266-01,23.78,56.14,118.41,False,normal
2026-10-05 10:41:35+00:00,esp8266-01,23.73,55.15,116.94,False,normal
2026-10-05 10:41:40+00:00,esp8266-01,23.94,55.85,119.01,False,normal
2026-10-05 10:41:45+00:00,esp8266-01,23.94,56.21,117.25,False,normal
2026-10-05 10:41:50+00:00,esp8266-01,23.75,54.99,112.81,False,normal
2026-10-05 10:41:55+00:00,esp8266-01,23.85,54.95,115.32,False,normal
2026-10-05 10:42:00+00:00,esp8266-01,23.78,55.44,116.11,False,normal
2026-10-05 10:42:05+00:00,esp8266-01,23.99,55.53,117.24,False,normal
2026-10-05 10:42:10+00:00,esp8266-01,23.94,54.37,113.44,False,normal
2026-10-05 10:42:15+00:00,esp8266-01,23.73,55.53,120.01,False,normal
2026-10-05 10:42:20+00:00,esp8266-01,23.69,54.49,119.36,False,normal
2026-10-05 10:42:25+00:00,esp8266-01,23.81,55.42,120.44,False,normal
2026-10-05 10:42:30+00:00,esp8266-01,23.66,54.74,120.26,False,normal
2026-10-05 10:42:35+00:00,esp8266-01,24.05,54.81,117.95,False,normal
2026-10-05 10:42:40+00:00,esp8266-01,23.71,56.26,124.03,False,normal
2026-10-05 10:42:45+00:00,esp8266-01,23.89,56.59,124.72,False,normal
2026-10-05 10:42:50+00:00,esp8266-01,23.87,55.88,120.29,False,normal
2026-10-05 10:42:55+00:00,esp8266-01,24.12,55.34,116.81,False,normal
2026-10-05 10:43:00+00:00,esp8266-01,23.81,55.53,116.38,False,normal
2026-10-05 10:43:05+00:00,esp8266-01,23.86,55.76,118.68,False,normal
2026-10-05 10:43:10+00:00,esp8266-01,23.97,55.03,116.57,False,normal
2026-10-05 10:43:15+00:00,esp8266-01,23.96,55.46,120.37,False,normal
2026-10-05 10:43:20+00:00,esp8266-01,23.77,55.02,120.16,False,normal
2026-10-05 10:43:25+00:00,esp8266-01,23.97,55.5,116.81,False,normal
2026-10-05 10:43:30+00:00,esp8266-01,23.85,54.91,121.56,False,normal
2026-10-05 10:43:35+00:00,esp8266-01,23.6,54.95,119.17,False,normal
2026-10-05 10:43:40+00:00,esp8266-01,23.98,55.85,114.22,False,normal
2026-10-05 10:43:45+00:00,esp8266-01,23.91,55.12,118.54,False,normal
2026-10-05 10:43:50+00:00,esp8266-01,24.06,54.32,117.31,False,normal
2026-10-05 10:43:55+00:00,esp8266-01,23.72,55.39,117.84,False,normal
2026-10-05 10:44:00+00:00,esp8266-01,24.04,55.23,117.06,False,normal
2026-10-05 10:44:05+00:00,esp8266-01,24.02,54.81,117.52,False,normal
2026-10-05 10:44:10+00:00,esp8266-01,24.06,55.22,121.93,False,normal
2026-10-05 10:44:15+00:00,esp8266-01,23.92,55.27,119.19,False,normal
2026-10-05 10:44:20+00:00,esp8266-01,23.81,54.46,120.16,False,normal
2026-10-05 10:44:25+00:00,esp8266-01,23.88,55.35,120.45,False,normal
2026-10-05 10:44:30+00:00,esp8266-01,23.95,54.85,117.62,False,normal
2026-10-05 10:44:35+00:00,esp8266-01,23.99,53.91,116.68,False,normal
2026-10-05 10:44:40+00:00,esp8266-01,23.83,54.36,116.88,False,normal
2026-10-05 10:44:45+00:00,esp8266-01,23.73,55.52,120.57,False,normal
2026-10-05 10:44:50+00:00,esp8266-01,23.94,55.17,120.63,False,normal
2026-10-05 10:44:55+00:00,esp8266-01,24.05,55.27,116.64,False,normal
2026-10-05 10:45:00+00:00,esp8266-01,24.05,55.45,120.9,False,normal
2026-10-05 10:45:05+00:00,esp8266-01,23.95,55.52,117.84,False,normal
2026-10-05 10:45:10+00:00,esp8266-01,24.18,55.59,121.77,False,normal
2026-10-05 10:45:15+00:00,esp8266-01,23.85,55.48,118.68,False,normal
2026-10-05 10:45:20+00:00,esp8266-01,23.77,54.73,119.01,False,normal
2026-10-05 10:45:25+00:00,esp8266-01,23.83,55.29,120.94,False,normal
2026-10-05 10:45:30+00:00,esp8266-01,23.75,55.72,117.76,False,normal
2026-10-05 10:45:35+00:00,esp8266-01,24.12,55.82,119.34,False,normal
2026-10-05 10:45:40+00:00,esp8266-01,23.99,55.07,115.74,False,normal
2026-10-05 10:45:45+00:00,esp8266-01,24.04,55.22,114.2,False,normal
2026-10-05 10:45:50+00:00,esp8266-01,23.96,54.98,118.65,False,normal
2026-10-05 10:45:55+00:00,esp8266-01,24.33,54.42,123.8,False,normal
2026-10-05 10:46:00+00:00,esp8266-01,23.89,54.48,122.32,False,normal
2026-10-05 10:46:05+00:00,esp8266-01,24.05,55.03,118.84,False,normal
2026-10-05 10:46:10+00:00,esp8266-01,23.93,54.44,119.62,False,normal
2026-10-05 10:46:15+00:00,esp8266-01,23.87,55.44,119.83,False,normal
2026-10-05 10:46:20+00:00,esp8266-01,23.97,55.29,120.71,False,normal
2026-10-05 10:46:25+00:00,esp8266-01,24.1,54.96,120.09,False,normal
2026-10-05 10:46:30+00:00,esp8266-01,24.11,55.38,118.86,False,normal
2026-10-05 10:46:35+00:00,esp8266-01,24.09,54.89,120.46,False,normal
2026-10-05 10:46:40+00:00,esp8266-01,24.26,54.33,118.67,False,normal
2026-10-05 10:46:45+00:00,esp8266-01,23.96,55.27,121.33,False,normal
2026-10-05 10:46:50+00:00,esp8266-01,24.11,55.21,117.7,False,normal
2026-10-05 10:46:55+00:00,esp8266-01,24.06,55.01,121.6,False,normal
2026-10-05 10:47:00+00:00,esp8266-01,23.93,54.84,121.43,False,normal
2026-10-05 10:47:05+00:00,esp8266-01,24.06,54.69,122.65,False,normal
2026-10-05 10:47:10+00:00,esp8266-01,23.95,55.35,121.75,False,normal
2026-10-05 10:47:15+00:00,esp8266-01,23.79,55.25,121.49,False,normal
2026-10-05 10:47:20+00:00,esp8266-01,24.04,55.36,125.7,False,normal
2026-10-05 10:47:25+00:00,esp8266-01,23.94,54.8,117.67,False,normal
2026-10-05 10:47:30+00:00,esp8266-01,24.02,55.41,120.99,False,normal
2026-10-05 10:47:35+00:00,esp8266-01,23.91,54.41,118.97,False,normal
2026-10-05 10:47:40+00:00,esp8266-01,23.95,54.45,122.49,False,normal
2026-10-05 10:47:45+00:00,esp8266-01,23.98,54.61,120.86,False,normal
2026-10-05 10:47:50+00:00,esp8266-01,24.11,54.22,118.01,False,normal
2026-10-05 10:47:55+00:00,esp8266-01,24.1,54.98,123.43,False,normal
2026-10-05 10:48:00+00:00,esp8266-01,24.04,54.77,122.74,False,normal
2026-10-05 10:48:05+00:00,esp8266-01,24.02,53.92,120.05,False,normal
2026-10-05 10:48:10+00:00,esp8266-01,23.83,54.72,117.31,False,normal
2026-10-05 10:48:15+00:00,esp8266-01,24.23,54.8,119.59,False,normal
2026-10-05 10:48:20+00:00,esp8266-01,23.98,54.57,119.92,False,normal
2026-10-05 10:48:25+00:00,esp8266-01,24.01,54.71,118.35,False,normal
2026-10-05 10:48:30+00:00,esp8266-01,24.17,54.81,122.06,False,normal
2026-10-05 10:48:35+00:00,esp8266-01,24.05,54.31,120.05,False,normal
2026-10-05 10:48:40+00:00,esp8266-01,23.94,55.05,120.82,False,normal
2026-10-05 10:48:45+00:00,esp8266-01,23.9,54.84,120.84,False,normal
2026-10-05 10:48:50+00:00,esp8266-01,23.79,55.47,124.35,False,normal
2026-10-05 10:48:55+00:00,esp8266-01,24.25,54.69,122.72,False,normal
2026-10-05 10:49:00+00:00,esp8266-01,23.93,54.93,117.35,False,normal
2026-10-05 10:49:05+00:00,esp8266-01,24.13,54.62,124.33,False,normal
2026-10-05 10:49:10+00:00,esp8266-01,24.17,54.34,119.96,False,normal
2026-10-05 10:49:15+00:00,esp8266-01,24.01,54.87,121.92,False,normal
2026-10-05 10:49:20+00:00,esp8266-01,23.79,54.44,120.84,False,normal
2026-10-05 10:49:25+00:00,esp8266-01,24.2,54.55,118.79,False,normal
2026-10-05 10:49:30+00:00,esp8266-01,24.02,54.65,118.8,False,normal
2026-10-05 10:49:35+00:00,esp8266-01,24.02,55.05,124.18,False,normal
2026-10-05 10:49:40+00:00,esp8266-01,24.13,54.91,121.65,False,normal
2026-10-05 10:49:45+00:00,esp8266-01,24.03,54.49,121.14,False,normal
2026-10-05 10:49:50+00:00,esp8266-01,23.92,54.71,118.23,False,normal
2026-10-05 10:49:55+00:00,esp8266-01,24.0,54.32,124.2,False,normal
2026-10-05 10:50:00+00:00,esp8266-01,24.17,54.16,119.86,False,normal
2026-10-05 10:50:05+00:00,esp8266-01,24.25,54.96,121.59,False,normal
2026-10-05 10:50:10+00:00,esp8266-01,24.17,55.43,118.5,False,normal
2026-10-05 10:50:15+00:00,esp8266-01,24.09,54.58,121.75,False,normal
2026-10-05 10:50:20+00:00,esp8266-01,24.04,54.19,123.63,False,normal
2026-10-05 10:50:25+00:00,esp8266-01,24.11,55.04,122.33,False,normal
2026-10-05 10:50:30+00:00,esp8266-01,24.22,54.92,122.06,False,normal
2026-10-05 10:50:35+00:00,esp8266-01,24.12,55.3,120.3,False,normal
2026-10-05 10:50:40+00:00,esp8266-01,24.06,54.34,122.27,False,normal
2026-10-05 10:50:45+00:00,esp8266-01,24.0,55.51,121.65,False,normal
2026-10-05 10:50:50+00:00,esp8266-01,24.1,55.31,122.15,False,normal
2026-10-05 10:50:55+00:00,esp8266-01,24.24,54.81,118.2,False,normal
2026-10-05 10:51:00+00:00,esp8266-01,24.28,55.26,121.92,False,normal
2026-10-05 10:51:05+00:00,esp8266-01,24.02,55.44,121.91,False,normal
2026-10-05 10:51:10+00:00,esp8266-01,24.18,54.73,122.8,False,normal
2026-10-05 10:51:15+00:00,esp8266-01,23.96,55.23,121.04,False,normal
2026-10-05 10:51:20+00:00,esp8266-01,24.19,54.29,124.87,False,normal
2026-10-05 10:51:25+00:00,esp8266-01,24.13,54.95,118.36,False,normal
2026-10-05 10:51:30+00:00,esp8266-01,24.1,54.11,121.71,False,normal
2026-10-05 10:51:35+00:00,esp8266-01,24.2,54.76,121.86,False,normal
2026-10-05 10:51:40+00:00,esp8266-01,24.11,55.26,119.61,False,normal
2026-10-05 10:51:45+00:00,esp8266-01,24.31,54.61,125.48,False,normal
2026-10-05 10:51:50+00:00,esp8266-01,24.12,54.52,124.93,False,normal
2026-10-05 10:51:55+00:00,esp8266-01,24.1,55.6,120.98,False,normal
2026-10-05 10:52:00+00:00,esp8266-01,24.21,54.44,120.22,False,normal
2026-10-05 10:52:05+00:00,esp8266-01,23.93,54.46,118.95,False,normal
2026-10-05 10:52:10+00:00,esp8266-01,24.14,55.15,118.27,False,normal
2026-10-05 10:52:15+00:00,esp8266-01,24.21,55.14,122.73,False,normal
2026-10-05 10:52:20+00:00,esp8266-01,24.27,54.51,123.14,True,normal
2026-10-05 10:52:25+00:00,esp8266-01,24.13,54.79,117.76,False,normal
2026-10-05 10:52:30+00:00,esp8266-01,23.99,54.84,120.81,False,normal
2026-10-05 10:52:35+00:00,esp8266-01,24.2,54.76,123.61,False,normal
2026-10-05 10:52:40+00:00,esp8266-01,24.14,55.5,119.83,False,normal
2026-10-05 10:52:45+00:00,esp8266-01,24.3,54.25,121.55,False,normal
2026-10-05 10:52:50+00:00,esp8266-01,24.22,54.72,121.9,False,normal
2026-10-05 10:52:55+00:00,esp8266-01,24.04,54.96,119.54,True,normal
2026-10-05 10:53:00+00:00,esp8266-01,24.25,54.57,120.97,False,normal
2026-10-05 10:53:05+00:00,esp8266-01,24.12,55.21,125.73,False,normal
2026-10-05 10:53:10+00:00,esp8266-01,24.13,54.36,118.14,False,normal
2026-10-05 10:53:15+00:00,esp8266-01,24.37,54.33,122.6,False,normal
2026-10-05 10:53:20+00:00,esp8266-01,24.2,55.29,121.44,False,normal
2026-10-05 10:53:25+00:00,esp8266-01,24.18,54.84,122.65,False,normal
2026-10-05 10:53:30+00:00,esp8266-01,24.37,54.66,124.18,False,normal
2026-10-05 10:53:35+00:00,esp8266-01,23.86,54.74,122.14,False,normal
2026-10-05 10:53:40+00:00,esp8266-01,24.18,54.41,119.77,False,normal
2026-10-05 10:53:45+00:00,esp8266-01,24.42,54.72,117.91,False,normal
2026-10-05 10:53:50+00:00,esp8266-01,24.26,54.6,121.28,False,normal
2026-10-05 10:53:55+00:00,esp8266-01,24.19,53.94,122.87,False,normal
2026-10-05 10:54:00+00:00,esp8266-01,24.27,54.98,119.89,False,normal
2026-10-05 10:54:05+00:00,esp8266-01,23.98,55.21,123.77,False,normal
2026-10-05 10:54:10+00:00,esp8266-01,23.97,55.37,121.14,False,normal
2026-10-05 10:54:15+00:00,esp8266-01,24.26,55.09,123.04,False,normal
2026-10-05 10:54:20+00:00,esp8266-01,24.04,54.1,120.08,False,normal
2026-10-05 10:54:25+00:00,esp8266-01,23.99,54.41,124.17,False,normal
2026-10-05 10:54:30+00:00,esp8266-01,24.21,54.21,126.09,False,normal
2026-10-05 10:54:35+00:00,esp8266-01,24.3,54.36,121.71,False,normal
2026-10-05 10:54:40+00:00,esp8266-01,24.09,54.27,128.1,False,normal
2026-10-05 10:54:45+00:00,esp8266-01,24.16,55.18,124.92,False,normal
2026-10-05 10:54:50+00:00,esp8266-01,24.09,55.08,122.15,False,normal
2026-10-05 10:54:55+00:00,esp8266-01,23.92,54.74,121.81,False,normal
2026-10-05 10:55:00+00:00,esp8266-01,24.26,54.61,122.37,False,normal
2026-10-05 10:55:05+00:00,esp8266-01,24.08,54.1,121.73,False,normal
2026-10-05 10:55:10+00:00,esp8266-01,24.35,54.84,120.43,False,normal
2026-10-05 10:55:15+00:00,esp8266-01,24.16,54.26,121.66,False,normal
2026-10-05 10:55:20+00:00,esp8266-01,24.11,54.45,119.0,False,normal
2026-10-05 10:55:25+00:00,esp8266-01,24.05,55.19,123.16,False,normal
2026-10-05 10:55:30+00:00,esp8266-01,24.25,54.42,123.81,False,normal
2026-10-05 10:55:35+00:00,esp8266-01,24.29,54.25,120.61,False,normal
2026-10-05 10:55:40+00:00,esp8266-01,24.22,54.32,120.92,False,normal
2026-10-05 10:55:45+00:00,esp8266-01,24.05,55.07,121.05,False,normal
2026-10-05 10:55:50+00:00,esp8266-01,24.22,54.27,124.51,False,normal
2026-10-05 10:55:55+00:00,esp8266-01,24.38,55.12,119.37,False,normal
2026-10-05 10:56:00+00:00,esp8266-01,24.27,54.2,125.05,False,normal
2026-10-05 10:56:05+00:00,esp8266-01,24.31,54.97,122.99,False,normal
2026-10-05 10:56:10+00:00,esp8266-01,24.08,54.53,120.73,False,normal
2026-10-05 10:56:15+00:00,esp8266-01,24.3,53.89,120.3,False,normal
2026-10-05 10:56:20+00:00,esp8266-01,24.2,54.52,122.96,False,normal
2026-10-05 10:56:25+00:00,esp8266-01,24.17,54.34,122.73,False,normal
2026-10-05 10:56:30+00:00,esp8266-01,24.33,54.08,125.0,False,normal
2026-10-05 10:56:35+00:00,esp8266-01,24.14,54.32,123.96,False,normal
2026-10-05 10:56:40+00:00,esp8266-01,24.23,54.7,120.1,False,normal
2026-10-05 10:56:45+00:00,esp8266-01,24.34,54.87,125.51,False,normal
2026-10-05 10:56:50+00:00,esp8266-01,24.28,54.47,120.18,False,normal
2026-10-05 10:56:55+00:00,esp8266-01,24.26,54.25,124.4,True,normal
2026-10-05 10:57:00+00:00,esp8266-01,24.29,55.07,120.92,False,normal
2026-10-05 10:57:05+00:00,esp8266-01,24.4,54.07,120.54,False,normal
2026-10-05 10:57:10+00:00,esp8266-01,24.33,55.42,122.06,True,normal
2026-10-05 10:57:15+00:00,esp8266-01,24.15,54.24,122.81,False,normal
2026-10-05 10:57:20+00:00,esp8266-01,24.38,53.73,122.07,False,normal
2026-10-05 10:57:25+00:00,esp8266-01,24.24,54.93,119.08,False,normal
2026-10-05 10:57:30+00:00,esp8266-01,24.16,54.45,121.19,False,normal
2026-10-05 10:57:35+00:00,esp8266-01,24.25,54.46,121.02,False,normal
2026-10-05 10:57:40+00:00,esp8266-01,24.36,54.18,121.33,False,normal
2026-10-05 10:57:45+00:00,esp8266-01,24.14,54.68,122.48,False,normal
2026-10-05 10:57:50+00:00,esp8266-01,24.27,54.34,119.84,False,normal
2026-10-05 10:57:55+00:00,esp8266-01,24.19,54.53,123.69,False,normal
2026-10-05 10:58:00+00:00,esp8266-01,24.31,53.84,121.81,False,normal
2026-10-05 10:58:05+00:00,esp8266-01,24.14,54.77,122.66,False,normal
2026-10-05 10:58:10+00:00,esp8266-01,24.19,54.37,123.25,False,normal
2026-10-05 10:58:15+00:00,esp8266-01,24.36,53.37,120.72,False,normal
2026-10-05 10:58:20+00:00,esp8266-01,24.22,54.83,122.93,False,normal
2026-10-05 10:58:25+00:00,esp8266-01,24.3,54.82,118.98,False,normal
2026-10-05 10:58:30+00:00,esp8266-01,24.3,54.16,123.39,False,normal
2026-10-05 10:58:35+00:00,esp8266-01,24.3,53.83,121.72,False,normal
2026-10-05 10:58:40+00:00,esp8266-01,24.28,54.49,120.01,False,normal
2026-10-05 10:58:45+00:00,esp8266-01,24.32,54.5,124.45,False,normal
2026-10-05 10:58:50+00:00,esp8266-01,24.26,54.55,125.03,False,normal
2026-10-05 10:58:55+00:00,esp8266-01,23.95,54.69,120.1,False,normal
2026-10-05 10:59:00+00:00,esp8266-01,24.15,54.03,121.78,True,normal
2026-10-05 10:59:05+00:00,esp8266-01,24.47,55.39,123.87,False,normal
2026-10-05 10:59:10+00:00,esp8266-01,24.43,55.21,122.94,False,normal
2026-10-05 10:59:15+00:00,esp8266-01,24.16,54.24,122.32,False,normal
2026-10-05 10:59:20+00:00,esp8266-01,24.3,54.09,125.28,False,normal
2026-10-05 10:59:25+00:00,esp8266-01,24.28,54.56,123.38,False,normal
2026-10-05 10:59:30+00:00,esp8266-01,24.27,54.42,120.78,False,normal
2026-10-05 10:59:35+00:00,esp8266-01,24.19,54.02,123.45,False,normal
2026-10-05 10:59:40+00:00,esp8266-01,24.24,54.74,123.42,False,normal
2026-10-05 10:59:45+00:00,esp8266-01,24.49,53.95,119.09,False,normal
2026-10-05 10:59:50+00:00,esp8266-01,24.46,54.45,120.24,False,normal
2026-10-05 10:59:55+00:00,esp8266-01,24.36,54.96,120.63,False,normal
2026-10-05 11:00:00+00:00,esp8266-01,24.29,54.86,122.88,False,normal
2026-10-05 11:00:05+00:00,esp8266-01,24.5,55.8,124.42,False,normal
2026-10-05 11:00:10+00:00,esp8266-01,24.3,52.74,122.97,False,normal
2026-10-05 11:00:15+00:00,esp8266-01,24.24,54.42,126.0,False,normal
2026-10-05 11:00:20+00:00,esp8266-01,24.62,55.03,122.78,False,normal
2026-10-05 11:00:25+00:00,esp8266-01,24.47,53.98,125.29,False,normal
2026-10-05 11:00:30+00:00,esp8266-01,24.32,55.05,123.13,False,normal
2026-10-05 11:00:35+00:00,esp8266-01,24.07,55.2,122.55,False,normal
2026-10-05 11:00:40+00:00,esp8266-01,24.1,54.29,124.42,False,normal
2026-10-05 11:00:45+00:00,esp8266-01,24.57,54.13,122.03,False,normal
2026-10-05 11:00:50+00:00,esp8266-01,24.32,54.69,122.46,True,normal
2026-10-05 11:00:55+00:00,esp8266-01,24.38,54.78,121.2,False,normal
2026-10-05 11:01:00+00:00,esp8266-01,24.18,53.53,123.01,True,normal
2026-10-05 11:01:05+00:00,esp8266-01,24.15,53.66,119.37,False,normal
2026-10-05 11:01:10+00:00,esp8266-01,24.37,53.79,123.97,False,normal
2026-10-05 11:01:15+00:00,esp8266-01,24.21,54.36,122.52,False,normal
2026-10-05 11:01:20+00:00,esp8266-01,24.28,54.73,125.59,False,normal
2026-10-05 11:01:25+00:00,esp8266-01,24.17,54.36,120.79,False,normal
2026-10-05 11:01:30+00:00,esp8266-01,24.14,53.56,122.24,False,normal
2026-10-05 11:01:35+00:00,esp8266-01,24.15,54.71,123.55,False,normal
2026-10-05 11:01:40+00:00,esp8266-01,24.37,55.06,126.95,False,normal
2026-10-05 11:01:45+00:00,esp8266-01,24.14,55.7,121.65,False,normal
2026-10-05 11:01:50+00:00,esp8266-01,24.01,53.93,123.37,False,normal
2026-10-05 11:01:55+00:00,esp8266-01,24.21,54.77,121.37,False,normal
2026-10-05 11:02:00+00:00,esp8266-01,24.25,55.82,124.09,False,normal
2026-10-05 11:02:05+00:00,esp8266-01,24.45,54.38,118.79,False,normal
2026-10-05 11:02:10+00:00,esp8266-01,24.14,54.66,121.82,False,normal
2026-10-05 11:02:15+00:00,esp8266-01,24.27,54.57,121.87,False,normal
2026-10-05 11:02:20+00:00,esp8266-01,24.19,53.37,123.71,False,normal
2026-10-05 11:02:25+00:00,esp8266-01,24.13,54.35,121.49,False,normal
2026-10-05 11:02:30+00:00,esp8266-01,24.34,54.06,121.27,False,drift_temp_gas
2026-10-05 11:02:35+00:00,esp8266-01,24.27,54.69,123.08,False,drift_temp_gas
2026-10-05 11:02:40+00:00,esp8266-01,24.5,54.34,128.45,False,drift_temp_gas
2026-10-05 11:02:45+00:00,esp8266-01,24.67,53.39,128.87,False,drift_temp_gas
2026-10-05 11:02:50+00:00,esp8266-01,24.55,53.89,132.52,False,drift_temp_gas
2026-10-05 11:02:55+00:00,esp8266-01,24.8,54.63,139.86,False,drift_temp_gas
2026-10-05 11:03:00+00:00,esp8266-01,24.98,54.25,139.96,False,drift_temp_gas
2026-10-05 11:03:05+00:00,esp8266-01,25.2,53.95,139.82,False,drift_temp_gas
2026-10-05 11:03:10+00:00,esp8266-01,25.15,54.06,140.56,False,drift_temp_gas
2026-10-05 11:03:15+00:00,esp8266-01,25.16,53.53,148.96,False,drift_temp_gas
2026-10-05 11:03:20+00:00,esp8266-01,25.29,53.23,150.15,False,drift_temp_gas
2026-10-05 11:03:25+00:00,esp8266-01,25.52,53.62,153.69,False,drift_temp_gas
2026-10-05 11:03:30+00:00,esp8266-01,25.56,54.01,152.41,False,drift_temp_gas
2026-10-05 11:03:35+00:00,esp8266-01,25.73,53.23,158.07,False,drift_temp_gas
2026-10-05 11:03:40+00:00,esp8266-01,25.75,53.79,161.07,False,drift_temp_gas
2026-10-05 11:03:45+00:00,esp8266-01,26.08,53.33,164.88,False,drift_temp_gas
2026-10-05 11:03:50+00:00,esp8266-01,26.04,53.11,165.39,False,drift_temp_gas
2026-10-05 11:03:55+00:00,esp8266-01,26.3,52.71,168.24,False,drift_temp_gas
2026-10-05 11:04:00+00:00,esp8266-01,26.35,52.68,168.25,False,drift_temp_gas
2026-10-05 11:04:05+00:00,esp8266-01,26.36,53.41,173.68,False,drift_temp_gas
2026-10-05 11:04:10+00:00,esp8266-01,26.68,52.54,173.47,False,drift_temp_gas
2026-10-05 11:04:15+00:00,esp8266-01,26.64,52.6,178.26,False,drift_temp_gas
2026-10-05 11:04:20+00:00,esp8266-01,26.76,52.52,189.69,False,drift_temp_gas
2026-10-05 11:04:25+00:00,esp8266-01,26.84,53.04,188.29,False,drift_temp_gas
2026-10-05 11:04:30+00:00,esp8266-01,26.6,53.24,186.56,False,drift_temp_gas
2026-10-05 11:04:35+00:00,esp8266-01,26.94,53.4,189.7,False,drift_temp_gas
2026-10-05 11:04:40+00:00,esp8266-01,27.12,52.77,194.29,False,drift_temp_gas
2026-10-05 11:04:45+00:00,esp8266-01,27.41,52.95,195.16,False,drift_temp_gas
2026-10-05 11:04:50+00:00,esp8266-01,27.32,52.25,199.67,False,drift_temp_gas
2026-10-05 11:04:55+00:00,esp8266-01,27.59,52.29,198.35,False,drift_temp_gas
2026-10-05 11:05:00+00:00,esp8266-01,27.62,52.08,205.76,False,drift_temp_gas
2026-10-05 11:05:05+00:00,esp8266-01,27.93,51.7,210.34,False,drift_temp_gas
2026-10-05 11:05:10+00:00,esp8266-01,27.88,51.92,211.81,False,drift_temp_gas
2026-10-05 11:05:15+00:00,esp8266-01,28.08,51.87,214.25,False,drift_temp_gas
2026-10-05 11:05:20+00:00,esp8266-01,28.09,52.13,217.51,False,drift_temp_gas
2026-10-05 11:05:25+00:00,esp8266-01,27.97,52.58,220.97,False,drift_temp_gas
2026-10-05 11:05:30+00:00,esp8266-01,28.33,52.2,222.94,False,drift_temp_gas
2026-10-05 11:05:35+00:00,esp8266-01,28.42,52.41,230.54,False,drift_temp_gas
2026-10-05 11:05:40+00:00,esp8266-01,28.63,51.21,226.16,False,drift_temp_gas
2026-10-05 11:05:45+00:00,esp8266-01,28.79,51.65,235.7,False,drift_temp_gas
2026-10-05 11:05:50+00:00,esp8266-01,28.83,50.46,235.68,False,drift_temp_gas
2026-10-05 11:05:55+00:00,esp8266-01,28.8,51.09,239.78,False,drift_temp_gas
2026-10-05 11:06:00+00:00,esp8266-01,29.19,50.46,241.59,False,drift_temp_gas
2026-10-05 11:06:05+00:00,esp8266-01,29.17,51.31,241.56,False,drift_temp_gas
2026-10-05 11:06:10+00:00,esp8266-01,29.44,50.7,245.19,False,drift_temp_gas
2026-10-05 11:06:15+00:00,esp8266-01,29.61,50.82,247.76,False,drift_temp_gas
2026-10-05 11:06:20+00:00,esp8266-01,29.39,51.33,253.38,False,drift_temp_gas
2026-10-05 11:06:25+00:00,esp8266-01,29.84,50.66,255.31,False,drift_temp_gas
2026-10-05 11:06:30+00:00,esp8266-01,29.73,50.05,256.58,False,drift_temp_gas
2026-10-05 11:06:35+00:00,esp8266-01,29.96,49.61,257.38,False,drift_temp_gas
2026-10-05 11:06:40+00:00,esp8266-01,29.85,50.04,262.42,True,drift_temp_gas
2026-10-05 11:06:45+00:00,esp8266-01,30.2,50.64,261.81,True,drift_temp_gas
2026-10-05 11:06:50+00:00,esp8266-01,30.34,50.08,268.09,False,drift_temp_gas
2026-10-05 11:06:55+00:00,esp8266-01,30.29,50.47,269.36,False,drift_temp_gas
2026-10-05 11:07:00+00:00,esp8266-01,30.34,49.89,272.49,False,drift_temp_gas
2026-10-05 11:07:05+00:00,esp8266-01,30.61,49.52,277.44,False,drift_temp_gas
2026-10-05 11:07:10+00:00,esp8266-01,30.6,50.23,276.34,False,drift_temp_gas
2026-10-05 11:07:15+00:00,esp8266-01,30.75,49.57,284.64,False,drift_temp_gas
2026-10-05 11:07:20+00:00,esp8266-01,30.86,50.16,291.24,False,drift_temp_gas
2026-10-05 11:07:25+00:00,esp8266-01,31.13,50.1,286.7,False,drift_temp_gas
2026-10-05 11:07:30+00:00,esp8266-01,31.18,49.56,293.03,False,drift_temp_gas
2026-10-05 11:07:35+00:00,esp8266-01,24.27,55.08,117.08,False,normal
2026-10-05 11:07:40+00:00,esp8266-01,24.0,54.23,120.21,False,normal
2026-10-05 11:07:45+00:00,esp8266-01,23.92,54.78,123.05,False,normal
2026-10-05 11:07:50+00:00,esp8266-01,24.28,54.97,119.46,False,normal
2026-10-05 11:07:55+00:00,esp8266-01,24.06,54.92,123.4,False,normal
2026-10-05 11:08:00+00:00,esp8266-01,24.24,54.45,116.45,False,normal
2026-10-05 11:08:05+00:00,esp8266-01,24.07,55.03,119.71,False,normal
2026-10-05 11:08:10+00:00,esp8266-01,24.15,55.09,122.0,False,normal
2026-10-05 11:08:15+00:00,esp8266-01,23.89,54.67,118.84,False,normal
2026-10-05 11:08:20+00:00,esp8266-01,23.96,55.43,119.26,False,normal
2026-10-05 11:08:25+00:00,esp8266-01,24.27,54.83,122.43,False,normal
2026-10-05 11:08:30+00:00,esp8266-01,23.84,55.02,116.0,False,normal
2026-10-05 11:08:35+00:00,esp8266-01,23.92,55.27,118.89,False,normal
2026-10-05 11:08:40+00:00,esp8266-01,23.99,55.12,124.6,False,normal
2026-10-05 11:08:45+00:00,esp8266-01,24.14,55.01,122.66,False,normal
2026-10-05 11:08:50+00:00,esp8266-01,24.17,54.6,119.08,False,normal
2026-10-05 11:08:55+00:00,esp8266-01,24.23,54.25,120.71,False,normal
2026-10-05 11:09:00+00:00,esp8266-01,24.05,54.86,119.9,False,normal
2026-10-05 11:09:05+00:00,esp8266-01,24.25,54.94,117.88,False,normal
2026-10-05 11:09:10+00:00,esp8266-01,24.19,55.23,118.91,False,normal
2026-10-05 11:09:15+00:00,esp8266-01,23.96,54.81,120.79,False,normal
2026-10-05 11:09:20+00:00,esp8266-01,24.03,54.96,118.53,False,normal
2026-10-05 11:09:25+00:00,esp8266-01,24.25,54.64,117.57,False,normal
2026-10-05 11:09:30+00:00,esp8266-01,24.0,54.53,121.81,False,normal
2026-10-05 11:09:35+00:00,esp8266-01,24.12,55.34,123.85,False,normal
2026-10-05 11:09:40+00:00,esp8266-01,23.98,55.63,118.63,False,normal
2026-10-05 11:09:45+00:00,esp8266-01,23.97,55.35,120.19,False,normal
2026-10-05 11:09:50+00:00,esp8266-01,23.98,55.17,124.89,False,normal
2026-10-05 11:09:55+00:00,esp8266-01,23.94,55.05,123.72,False,normal
2026-10-05 11:10:00+00:00,esp8266-01,24.01,54.36,121.21,False,normal
2026-10-05 11:10:05+00:00,esp8266-01,24.12,55.86,121.21,False,normal
2026-10-05 11:10:10+00:00,esp8266-01,23.98,54.93,123.38,False,normal
2026-10-05 11:10:15+00:00,esp8266-01,24.01,55.65,120.53,False,normal
2026-10-05 11:10:20+00:00,esp8266-01,23.9,55.36,118.84,False,normal
2026-10-05 11:10:25+00:00,esp8266-01,24.02,54.72,118.71,False,normal
2026-10-05 11:10:30+00:00,esp8266-01,23.96,54.68,119.11,False,normal
2026-10-05 11:10:35+00:00,esp8266-01,23.96,55.56,122.17,False,normal
2026-10-05 11:10:40+00:00,esp8266-01,24.04,55.14,120.47,False,normal
2026-10-05 11:10:45+00:00,esp8266-01,24.07,54.71,119.77,False,normal
2026-10-05 11:10:50+00:00,esp8266-01,23.99,55.13,118.46,False,normal
2026-10-05 11:10:55+00:00,esp8266-01,23.99,55.0,120.08,False,normal
2026-10-05 11:11:00+00:00,esp8266-01,24.18,54.55,119.31,False,normal
2026-10-05 11:11:05+00:00,esp8266-01,23.93,54.31,119.63,False,normal
2026-10-05 11:11:10+00:00,esp8266-01,23.98,55.36,121.71,False,normal
2026-10-05 11:11:15+00:00,esp8266-01,23.97,55.26,120.65,False,normal
2026-10-05 11:11:20+00:00,esp8266-01,23.92,55.83,118.44,False,normal
2026-10-05 11:11:25+00:00,esp8266-01,24.16,55.06,119.13,False,normal
2026-10-05 11:11:30+00:00,esp8266-01,23.93,54.82,118.31,False,normal
2026-10-05 11:11:35+00:00,esp8266-01,24.07,55.2,119.09,False,normal
2026-10-05 11:11:40+00:00,esp8266-01,24.02,55.48,121.44,False,normal
2026-10-05 11:11:45+00:00,esp8266-01,23.94,55.55,116.53,False,normal
2026-10-05 11:11:50+00:00,esp8266-01,23.98,54.87,119.44,False,normal
2026-10-05 11:11:55+00:00,esp8266-01,23.92,55.33,121.6,False,normal
2026-10-05 11:12:00+00:00,esp8266-01,24.01,54.45,120.55,False,normal
2026-10-05 11:12:05+00:00,esp8266-01,24.06,55.76,120.23,False,normal
2026-10-05 11:12:10+00:00,esp8266-01,24.01,55.06,120.55,False,normal
2026-10-05 11:12:15+00:00,esp8266-01,23.92,55.44,120.07,False,normal
2026-10-05 11:12:20+00:00,esp8266-01,23.89,54.46,119.88,False,normal
2026-10-05 11:12:25+00:00,esp8266-01,23.79,55.78,119.09,False,normal
2026-10-05 11:12:30+00:00,esp8266-01,23.76,55.02,122.2,False,normal
2026-10-05 11:12:35+00:00,esp8266-01,24.04,54.74,122.22,False,normal
2026-10-05 11:12:40+00:00,esp8266-01,24.02,54.64,120.21,False,normal
2026-10-05 11:12:45+00:00,esp8266-01,23.93,55.62,123.02,False,normal
2026-10-05 11:12:50+00:00,esp8266-01,23.96,55.01,117.8,False,normal
2026-10-05 11:12:55+00:00,esp8266-01,23.93,55.45,119.9,False,normal
2026-10-05 11:13:00+00:00,esp8266-01,23.85,55.34,115.57,False,normal
2026-10-05 11:13:05+00:00,esp8266-01,23.98,55.46,117.49,False,normal
2026-10-05 11:13:10+00:00,esp8266-01,23.74,55.17,121.16,False,normal
2026-10-05 11:13:15+00:00,esp8266-01,23.99,55.36,119.33,False,normal
2026-10-05 11:13:20+00:00,esp8266-01,23.84,54.91,117.81,False,normal
2026-10-05 11:13:25+00:00,esp8266-01,23.91,55.59,118.65,False,normal
2026-10-05 11:13:30+00:00,esp8266-01,23.93,55.67,116.42,False,normal
2026-10-05 11:13:35+00:00,esp8266-01,23.84,54.8,116.33,False,normal
2026-10-05 11:13:40+00:00,esp8266-01,23.91,54.88,116.98,False,normal
2026-10-05 11:13:45+00:00,esp8266-01,24.09,55.06,121.79,False,normal
2026-10-05 11:13:50+00:00,esp8266-01,23.97,55.28,121.41,False,normal
2026-10-05 11:13:55+00:00,esp8266-01,24.04,55.69,121.05,False,normal
2026-10-05 11:14:00+00:00,esp8266-01,24.0,55.02,115.45,False,normal
2026-10-05 11:14:05+00:00,esp8266-01,23.95,55.58,120.55,False,normal
2026-10-05 11:14:10+00:00,esp8266-01,23.97,54.71,119.44,False,normal
2026-10-05 11:14:15+00:00,esp8266-01,23.76,55.46,118.76,False,normal
2026-10-05 11:14:20+00:00,esp8266-01,23.85,55.21,122.93,False,normal
2026-10-05 11:14:25+00:00,esp8266-01,23.79,54.23,118.79,False,normal
2026-10-05 11:14:30+00:00,esp8266-01,23.71,54.9,120.53,False,normal
2026-10-05 11:14:35+00:00,esp8266-01,23.96,55.64,117.26,False,normal
2026-10-05 11:14:40+00:00,esp8266-01,24.14,55.12,119.12,False,normal
2026-10-05 11:14:45+00:00,esp8266-01,23.78,55.74,118.52,False,normal
2026-10-05 11:14:50+00:00,esp8266-01,23.71,55.63,118.93,False,normal
2026-10-05 11:14:55+00:00,esp8266-01,23.77,55.72,116.27,False,normal
2026-10-05 11:15:00+00:00,esp8266-01,23.81,55.05,232.62,False,gas_spike
2026-10-05 11:15:05+00:00,esp8266-01,23.79,54.68,228.41,False,gas_spike
2026-10-05 11:15:10+00:00,esp8266-01,24.0,55.14,233.21,False,gas_spike
2026-10-05 11:15:15+00:00,esp8266-01,23.76,54.98,235.87,False,gas_spike
2026-10-05 11:15:20+00:00,esp8266-01,23.79,54.88,233.78,False,gas_spike
2026-10-05 11:15:25+00:00,esp8266-01,23.62,55.76,230.55,False,gas_spike
2026-10-05 11:15:30+00:00,esp8266-01,23.92,55.34,233.1,False,gas_spike
2026-10-05 11:15:35+00:00,esp8266-01,23.78,55.5,235.32,False,gas_spike
2026-10-05 11:15:40+00:00,esp8266-01,23.94,54.72,232.74,False,gas_spike
2026-10-05 11:15:45+00:00,esp8266-01,24.04,55.39,232.81,False,gas_spike
2026-10-05 11:15:50+00:00,esp8266-01,23.83,54.42,233.6,False,gas_spike
2026-10-05 11:15:55+00:00,esp8266-01,23.69,55.49,114.87,False,normal
2026-10-05 11:16:00+00:00,esp8266-01,23.7,54.44,114.51,False,normal
2026-10-05 11:16:05+00:00,esp8266-01,24.03,55.11,121.26,True,normal
2026-10-05 11:16:10+00:00,esp8266-01,23.83,55.96,119.52,False,normal
2026-10-05 11:16:15+00:00,esp8266-01,23.59,55.93,116.83,False,normal
2026-10-05 11:16:20+00:00,esp8266-01,23.83,54.78,115.6,False,normal
2026-10-05 11:16:25+00:00,esp8266-01,23.7,55.27,119.94,False,normal
2026-10-05 11:16:30+00:00,esp8266-01,23.85,55.61,116.47,False,normal
2026-10-05 11:16:35+00:00,esp8266-01,23.81,55.13,118.18,False,normal
2026-10-05 11:16:40+00:00,esp8266-01,23.82,55.76,118.25,False,normal
2026-10-05 11:16:45+00:00,esp8266-01,23.75,55.3,119.19,False,normal
2026-10-05 11:16:50+00:00,esp8266-01,23.69,54.93,115.67,False,normal
2026-10-05 11:16:55+00:00,esp8266-01,23.82,55.45,116.64,False,normal
2026-10-05 11:17:00+00:00,esp8266-01,23.83,55.53,116.23,False,normal
2026-10-05 11:17:05+00:00,esp8266-01,23.81,55.64,119.34,False,normal
2026-10-05 11:17:10+00:00,esp8266-01,23.75,55.75,119.2,False,normal
2026-10-05 11:17:15+00:00,esp8266-01,24.0,56.22,118.38,False,normal
2026-10-05 11:17:20+00:00,esp8266-01,23.98,55.42,113.96,False,normal
2026-10-05 11:17:25+00:00,esp8266-01,23.89,54.57,114.6,False,normal
2026-10-05 11:17:30+00:00,esp8266-01,23.69,56.3,120.47,False,normal
2026-10-05 11:17:35+00:00,esp8266-01,23.76,55.19,123.15,False,normal
2026-10-05 11:17:40+00:00,esp8266-01,23.65,55.97,117.78,False,normal
2026-10-05 11:17:45+00:00,esp8266-01,23.81,55.6,120.85,False,normal
2026-10-05 11:17:50+00:00,esp8266-01,23.95,56.39,118.11,False,normal
2026-10-05 11:17:55+00:00,esp8266-01,23.79,55.04,115.03,False,normal
2026-10-05 11:18:00+00:00,esp8266-01,23.74,55.51,115.01,False,normal
2026-10-05 11:18:05+00:00,esp8266-01,23.75,55.52,115.2,False,normal
2026-10-05 11:18:10+00:00,esp8266-01,23.79,55.16,116.41,False,normal
2026-10-05 11:18:15+00:00,esp8266-01,23.82,56.18,119.62,False,normal
2026-10-05 11:18:20+00:00,esp8266-01,23.71,55.28,118.18,False,normal
2026-10-05 11:18:25+00:00,esp8266-01,23.9,55.35,118.45,False,normal
2026-10-05 11:18:30+00:00,esp8266-01,23.62,55.29,115.55,False,normal
2026-10-05 11:18:35+00:00,esp8266-01,23.65,55.38,117.45,False,normal
2026-10-05 11:18:40+00:00,esp8266-01,23.95,55.93,117.95,False,normal
2026-10-05 11:18:45+00:00,esp8266-01,23.83,55.02,119.08,False,normal
2026-10-05 11:18:50+00:00,esp8266-01,23.63,55.53,119.66,False,normal
2026-10-05 11:18:55+00:00,esp8266-01,23.87,54.35,116.64,False,normal
2026-10-05 11:19:00+00:00,esp8266-01,23.66,54.55,119.2,False,normal
2026-10-05 11:19:05+00:00,esp8266-01,23.59,55.99,117.33,False,normal
2026-10-05 11:19:10+00:00,esp8266-01,23.78,55.48,115.95,False,normal
2026-10-05 11:19:15+00:00,esp8266-01,23.69,55.2,121.62,False,normal
2026-10-05 11:19:20+00:00,esp8266-01,23.7,55.84,116.57,False,normal
2026-10-05 11:19:25+00:00,esp8266-01,23.66,55.62,122.27,False,normal
2026-10-05 11:19:30+00:00,esp8266-01,23.86,56.19,120.73,False,normal
2026-10-05 11:19:35+00:00,esp8266-01,23.58,55.96,118.06,False,normal
2026-10-05 11:19:40+00:00,esp8266-01,23.76,55.63,121.02,False,normal
2026-10-05 11:19:45+00:00,esp8266-01,23.88,55.35,119.14,False,normal
2026-10-05 11:19:50+00:00,esp8266-01,23.9,55.84,119.68,False,normal
2026-10-05 11:19:55+00:00,esp8266-01,23.7,55.19,116.86,False,normal
2026-10-05 11:20:00+00:00,esp8266-01,23.66,55.3,117.17,True,normal
2026-10-05 11:20:05+00:00,esp8266-01,23.88,55.48,119.66,False,normal
2026-10-05 11:20:10+00:00,esp8266-01,23.55,55.81,120.47,False,normal
2026-10-05 11:20:15+00:00,esp8266-01,23.91,55.07,118.57,False,normal
2026-10-05 11:20:20+00:00,esp8266-01,23.69,55.39,114.77,False,normal
2026-10-05 11:20:25+00:00,esp8266-01,23.62,55.84,120.18,False,normal
2026-10-05 11:20:30+00:00,esp8266-01,23.79,55.37,118.45,False,normal
2026-10-05 11:20:35+00:00,esp8266-01,23.77,56.07,118.63,False,normal
2026-10-05 11:20:40+00:00,esp8266-01,23.54,54.96,115.45,False,normal
2026-10-05 11:20:45+00:00,esp8266-01,23.71,54.72,118.71,False,normal
2026-10-05 11:20:50+00:00,esp8266-01,23.79,56.25,117.86,False,normal
2026-10-05 11:20:55+00:00,esp8266-01,23.66,55.04,117.9,False,normal
2026-10-05 11:21:00+00:00,esp8266-01,23.63,54.75,119.09,False,normal
2026-10-05 11:21:05+00:00,esp8266-01,23.6,55.0,117.82,False,normal
2026-10-05 11:21:10+00:00,esp8266-01,23.92,55.28,121.55,False,normal
2026-10-05 11:21:15+00:00,esp8266-01,23.71,55.29,119.22,False,normal
2026-10-05 11:21:20+00:00,esp8266-01,23.86,55.66,119.47,False,normal
2026-10-05 11:21:25+00:00,esp8266-01,23.77,55.17,119.92,False,normal
2026-10-05 11:21:30+00:00,esp8266-01,24.07,55.86,116.48,False,normal
2026-10-05 11:21:35+00:00,esp8266-01,23.92,55.91,114.35,False,normal
2026-10-05 11:21:40+00:00,esp8266-01,23.68,55.42,116.82,False,normal
2026-10-05 11:21:45+00:00,esp8266-01,23.66,55.78,115.73,False,normal
2026-10-05 11:21:50+00:00,esp8266-01,23.87,55.2,115.34,False,normal
2026-10-05 11:21:55+00:00,esp8266-01,23.94,54.89,118.34,False,normal
2026-10-05 11:22:00+00:00,esp8266-01,23.8,55.71,120.8,False,normal
2026-10-05 11:22:05+00:00,esp8266-01,23.83,55.66,119.93,False,normal
2026-10-05 11:22:10+00:00,esp8266-01,23.81,55.72,119.32,False,normal
2026-10-05 11:22:15+00:00,esp8266-01,23.57,55.19,118.2,False,normal
2026-10-05 11:22:20+00:00,esp8266-01,23.76,55.42,120.77,False,normal
2026-10-05 11:22:25+00:00,esp8266-01,23.79,55.41,117.55,False,normal
2026-10-05 11:22:30+00:00,esp8266-01,23.84,55.62,120.36,False,normal
2026-10-05 11:22:35+00:00,esp8266-01,24.02,55.42,117.83,False,normal
2026-10-05 11:22:40+00:00,esp8266-01,23.7,55.19,120.06,False,normal
2026-10-05 11:22:45+00:00,esp8266-01,23.82,55.68,117.01,False,normal
2026-10-05 11:22:50+00:00,esp8266-01,23.58,55.03,118.6,False,normal
2026-10-05 11:22:55+00:00,esp8266-01,23.68,55.43,121.52,False,normal
2026-10-05 11:23:00+00:00,esp8266-01,23.6,55.67,118.28,False,normal
2026-10-05 11:23:05+00:00,esp8266-01,23.87,55.76,122.17,False,normal
2026-10-05 11:23:10+00:00,esp8266-01,23.69,55.62,120.07,False,normal
2026-10-05 11:23:15+00:00,esp8266-01,23.83,56.26,118.95,False,normal
